100,Julia,Kowal
101,Kulka,Kowal
102,Gramulka,Kowal
103,Kamil,Slimak
104,Adrian,Molenda
105,Adam,Gouda
106,Kuba,Gorgonzola
107,Lukasz,Giza
108,Albert,Koza
109,Makbet,Scott
110,Michael,Scott
122,Jan,Kowalski
123,Anna,Nowak
124,Adam,Smith
125,Magda,Brown
126,Piotr,Lee
127,Ewa,Kohnson
128,Marcin,Davis
129,Katarzyna,Miller
130,Tomek,Taylor
131,Ola,Thomas
132,lukasz2,Kolber
136,Andrzej,Skotniczny
137,Laura,Skotniczna
138,Jan,Kowalski
139,Anna,Nowak
140,Piotr,Wisniewski
141,Marta,Wisniewska
142,Kamil,Nowakowski
143,Agnieszka,Kowalska
144,Pawel,Kowalczyk
145,Karolina,Nowak
146,Marcin,Wisniewski
147,Magdalena,Kowalska
149,Antoni,Peperoni
